date,totalcase,caseperdate,totaldeath,deathperdate
1/21/2020,1,0,0,0
1/22/2020,1,0,0,0
1/23/2020,1,0,0,0
1/24/2020,2,1,0,0
1/25/2020,3,1,0,0
1/26/2020,5,2,0,0
1/27/2020,5,0,0,0
1/28/2020,5,0,0,0
1/29/2020,5,0,0,0
1/30/2020,6,1,0,0
1/31/2020,7,1,0,0
2/1/2020,8,1,0,0
2/2/2020,11,3,0,0
2/3/2020,11,0,0,0
2/4/2020,11,0,0,0
2/5/2020,12,1,0,0
2/6/2020,12,0,0,0
2/7/2020,12,0,0,0
2/8/2020,12,0,0,0
2/9/2020,12,0,0,0
2/10/2020,13,1,0,0
2/11/2020,13,0,0,0
2/12/2020,14,1,0,0
2/13/2020,15,1,0,0
2/14/2020,15,0,0,0
2/15/2020,15,0,0,0
2/16/2020,15,0,0,0
2/17/2020,25,10,0,0
2/18/2020,25,0,0,0
2/19/2020,25,0,0,0
2/20/2020,27,2,0,0
2/21/2020,30,3,0,0
2/22/2020,30,0,0,0
2/23/2020,30,0,0,0
2/24/2020,43,13,0,0
2/25/2020,45,2,0,0
2/26/2020,60,15,0,0
2/27/2020,60,0,0,0
2/28/2020,65,5,0,0
2/29/2020,70,5,1,1
3/1/2020,88,18,3,2
3/2/2020,104,16,6,3
3/3/2020,125,21,10,4
3/4/2020,161,36,12,2
3/5/2020,228,67,12,0
3/6/2020,311,83,15,3
3/7/2020,428,117,19,4
3/8/2020,547,119,22,3
3/9/2020,748,201,26,4
3/10/2020,1018,270,31,5
3/11/2020,1263,245,37,6
3/12/2020,1668,405,43,6
3/13/2020,2224,556,50,7
3/14/2020,2898,674,60,10
3/15/2020,3600,702,68,8
3/16/2020,4507,907,91,23
3/17/2020,5906,1399,117,26
3/18/2020,8350,2444,162,45
3/19/2020,12393,4043,212,50
3/20/2020,18012,5619,277,65
3/21/2020,24528,6516,360,83
3/22/2020,33073,8545,458,98
3/23/2020,43505,10432,579,121
3/24/2020,53938,10433,785,206
3/25/2020,68572,14634,1054,269
3/26/2020,85570,16998,1353,299
3/27/2020,102900,17330,1770,417
3/28/2020,123966,21066,2300,530
3/29/2020,142486,18520,2718,418
3/30/2020,163955,21469,3368,650
3/31/2020,188461,24506,4304,936
4/1/2020,215391,26930,5325,1021
4/2/2020,245108,29717,6541,1216
4/3/2020,277426,32318,7932,1391
4/4/2020,312525,35099,9488,1556
4/5/2020,338141,25616,10856,1368
4/6/2020,369057,30916,12382,1526
4/7/2020,399394,30337,14616,2234
4/8/2020,431214,31820,16701,2085
4/9/2020,465913,34699,18821,2120
4/10/2020,499386,33473,21084,2263
4/11/2020,531106,31720,23168,2084
4/12/2020,558249,27143,24849,1681
4/13/2020,584018,25769,26613,1764
4/14/2020,610709,26691,29318,2705
4/15/2020,640742,30033,32070,2752
4/16/2020,672355,31613,34418,2348
4/17/2020,703864,31509,36707,2289
4/18/2020,732262,28398,38659,1952
4/19/2020,757596,25334,40179,1520
4/20/2020,784991,27395,42016,1837
4/21/2020,810505,25514,44688,2672
4/22/2020,839336,28831,47059,2371
4/23/2020,873112,33776,49228,2169
4/24/2020,909853,36741,51360,2132
4/25/2020,944261,34408,53326,1966
4/26/2020,970996,26735,54580,1254
4/27/2020,994193,23197,56022,1442
4/28/2020,1018846,24653,58416,2394
4/29/2020,1045401,26555,60930,2514
4/30/2020,1075758,30357,63140,2210
5/1/2020,1109728,33970,64902,1762
5/2/2020,1139202,29474,66485,1583
5/3/2020,1165342,26140,67816,1331
5/4/2020,1187304,21962,68905,1089
5/5/2020,1211011,23707,71139,2234
5/6/2020,1235519,24508,73847,2708
5/7/2020,1263995,28476,75805,1958
5/8/2020,1291643,27648,77380,1575
5/9/2020,1316511,24868,78834,1454
5/10/2020,1336828,20317,79765,931
5/11/2020,1354449,17621,80747,982
5/12/2020,1376749,22300,82400,1653
5/13/2020,1397894,21145,84168,1768
5/14/2020,1424856,26962,85906,1738
5/15/2020,1451093,26237,87499,1593
5/16/2020,1474752,23659,88724,1225
5/17/2020,1493766,19014,89568,844
5/18/2020,1515593,21827,90414,846
5/19/2020,1536570,20977,91934,1520
5/20/2020,1559640,23070,93411,1477
5/21/2020,1585373,25733,94722,1311
5/22/2020,1609172,23799,96010,1288
5/23/2020,1631440,22268,97060,1050
5/24/2020,1651471,20031,97680,620
5/25/2020,1670571,19100,98190,510
5/26/2020,1689467,18896,98937,747
5/27/2020,1708211,18744,100422,1485
5/28/2020,1730723,22512,101622,1200
5/29/2020,1755271,24548,102812,1190
5/30/2020,1778668,23397,103775,963
5/31/2020,1799302,20634,104379,604
6/1/2020,1821199,21897,105113,734
6/2/2020,1841990,20791,106195,1082
6/3/2020,1861977,19987,107184,989
6/4/2020,1883593,21616,108192,1008
6/5/2020,1912302,28709,109304,1112
6/6/2020,1934818,22516,110032,728
6/7/2020,1953434,18616,110422,390
6/8/2020,1971641,18207,111144,722
6/9/2020,1990446,18805,112174,1030
6/10/2020,2013298,22852,113103,929
6/11/2020,2036500,23202,113980,877
6/12/2020,2061993,25493,114759,779
6/13/2020,2087327,25334,115451,692
6/14/2020,2106457,19130,115768,317
6/15/2020,2126574,20117,116216,448
6/16/2020,2151459,24885,116985,769
6/17/2020,2177114,25655,117746,761
6/18/2020,2205173,28059,118473,727
6/19/2020,2236009,30836,119171,698
6/20/2020,2268034,32025,119717,546
6/21/2020,2294413,26379,119974,257
6/22/2020,2324879,30466,120334,360
6/23/2020,2359939,35060,121167,833
6/24/2020,2396928,36989,121934,767
6/25/2020,2438101,41173,124400,2466
6/26/2020,2483629,45528,125033,633
6/27/2020,2525928,42299,125544,511
6/28/2020,2565436,39508,125815,271
6/29/2020,2604932,39496,126162,347
6/30/2020,2653321,48389,127462,1300
7/1/2020,2703296,49975,128104,642
7/2/2020,2758855,55559,128827,723
7/3/2020,2816009,57154,129418,591
7/4/2020,2866015,50006,129679,261
7/5/2020,2910782,44767,129941,262
7/6/2020,2958098,47316,130332,391
7/7/2020,3012182,54084,131290,958
7/8/2020,3071637,59455,132238,948
7/9/2020,3131526,59889,133079,841
7/10/2020,3199753,68227,133907,828
7/11/2020,3260474,60721,134582,675
7/12/2020,3318279,57805,134977,395
7/13/2020,3379846,61567,135402,425
7/14/2020,3445448,65602,136356,954
7/15/2020,3513790,68342,137327,971
7/16/2020,3589477,75687,138285,958
7/17/2020,3660400,70923,139186,901
7/18/2020,3722851,62451,139961,775
7/19/2020,3785126,62275,140373,412
7/20/2020,3845014,59888,140904,531
7/21/2020,3910291,65277,142031,1127
7/22/2020,3980030,69739,143167,1136
7/23/2020,4050036,70006,144283,1116
7/24/2020,4123561,73525,145429,1146
7/25/2020,4190337,66776,146313,884
7/26/2020,4244554,54217,146753,440
7/27/2020,4303735,59181,148449,1696
7/28/2020,4366851,63116,149776,1327
7/29/2020,4433633,66782,151172,1396
7/30/2020,4502581,68948,152433,1261
7/31/2020,4571669,69088,153862,1429
8/1/2020,4628497,56828,154917,1055
8/2/2020,4679291,50794,155337,420
8/3/2020,4726775,47484,155945,608
8/4/2020,4780324,53549,157301,1356
8/5/2020,4834047,53723,158554,1253
8/6/2020,4891561,57514,159625,1071
8/7/2020,4952718,61157,160981,1356
8/8/2020,5007958,55240,161947,966
8/9/2020,5056438,48480,162486,539
8/10/2020,5103611,47173,163023,537
8/11/2020,5156968,53357,164474,1451
8/12/2020,5211246,54278,165952,1478
8/13/2020,5265307,54061,167165,1213
8/14/2020,5324784,59477,168341,1176
8/15/2020,5375527,50743,169400,1059
8/16/2020,5417664,42137,169915,515
8/17/2020,5455187,37523,170449,534
8/18/2020,5498420,43233,171798,1349
8/19/2020,5541433,43013,173093,1295
8/20/2020,5587475,46042,174136,1043
8/21/2020,5636491,49016,175297,1161
8/22/2020,5681517,45026,176247,950
8/23/2020,5713850,32333,176693,446
8/24/2020,5754254,40404,177197,504
8/25/2020,5793385,39131,178410,1213
8/26/2020,5838532,45147,179603,1193
8/27/2020,5884368,45836,180729,1126
8/28/2020,5930932,46564,181739,1010
8/29/2020,5975541,44609,182610,871
8/30/2020,6008970,33429,182984,374
8/31/2020,6045457,36487,183472,488
9/1/2020,6089506,44049,184563,1091
9/2/2020,6121950,32444,185639,1076
9/3/2020,6168347,46397,186717,1078
9/4/2020,6220448,52101,187697,980
9/5/2020,6262701,42253,188409,712
9/6/2020,6292699,29998,188820,411
9/7/2020,6317865,25166,189083,263
9/8/2020,6346807,28942,189541,458
9/9/2020,6380139,33332,190716,1175
9/10/2020,6418200,38061,191631,915
9/11/2020,6465767,47567,192858,1227
9/12/2020,6504871,39104,193559,701
9/13/2020,6538214,33343,193958,399
9/14/2020,6575101,36887,194408,450
9/15/2020,6614318,39217,195689,1281
9/16/2020,6653586,39268,196686,997
9/17/2020,6698896,45310,197535,849
9/18/2020,6747783,48887,198484,949
9/19/2020,6789594,41811,199154,670
9/20/2020,6825950,36356,199367,213
9/21/2020,6880902,54952,199797,430
9/22/2020,6918293,37391,200738,941
9/23/2020,6959842,41549,201828,1090
9/24/2020,7005046,45204,202713,885
9/25/2020,7059627,54581,203566,853
9/26/2020,7102322,42695,204335,769
9/27/2020,7139620,37298,204602,267
9/28/2020,7176980,37360,204952,350
9/29/2020,7220677,43697,205878,926
9/30/2020,7262735,42058,206852,974
10/1/2020,7309153,46418,207699,847
10/2/2020,7362733,53580,208564,865
10/3/2020,7410512,47779,209273,709
10/4/2020,7445575,35063,209606,333
10/5/2020,7507988,62413,210035,429
10/6/2020,7550850,42862,210756,721
10/7/2020,7603867,53017,211752,996
10/8/2020,7660249,56382,212680,928
10/9/2020,7719211,58962,213595,915
10/10/2020,7770859,51648,214187,592
10/11/2020,7815642,44783,214606,419
10/12/2020,7863658,48016,214957,351
10/13/2020,7918051,54393,215783,826
10/14/2020,7977904,59853,216792,1009
10/15/2020,8043257,65353,217585,793
10/16/2020,8113721,70464,218476,891
10/17/2020,8166482,52761,219154,678
10/18/2020,8214364,47882,219541,387
10/19/2020,8279804,65440,220058,517
10/20/2020,8340398,60594,220987,929
10/21/2020,8404635,64237,222195,1208
10/22/2020,8479765,75130,223023,828
10/23/2020,8565062,85297,223953,930
10/24/2020,8643641,78579,224825,872
10/25/2020,8703356,59715,225164,339
10/26/2020,8777994,74638,225701,537
10/27/2020,8852381,74387,226684,983
10/28/2020,8934263,81882,227702,1018
10/29/2020,9024932,90669,228706,1004
10/30/2020,9124800,99868,229674,968
10/31/2020,9209007,84207,230512,838
11/1/2020,9283202,74195,230940,428
11/2/2020,9377208,94006,231480,540
11/3/2020,9469624,92416,232610,1130
11/4/2020,9577702,108078,234226,1616
11/5/2020,9699051,121349,235334,1108
11/6/2020,9831874,132823,236582,1248
11/7/2020,9957805,125931,237589,1007
11/8/2020,10061128,103323,238053,464
11/9/2020,10191572,130444,238798,745
11/10/2020,10331256,139684,240262,1464
11/11/2020,10474295,143039,241693,1431
11/12/2020,10637946,163651,242865,1172
11/13/2020,10819442,181496,244255,1390
11/14/2020,10978475,159033,245465,1210
11/15/2020,11113661,135186,246088,623
11/16/2020,11280224,166563,246884,796
11/17/2020,11441855,161631,248491,1607
11/18/2020,11614135,172280,250415,1924
11/19/2020,11801643,187508,252376,1961
11/20/2020,12000502,198859,254333,1957
11/21/2020,12172435,171933,255758,1425
11/22/2020,12313229,140794,256601,843
11/23/2020,12492852,179623,257639,1038
11/24/2020,12670710,177858,259848,2209
11/25/2020,12851300,180590,262161,2313
11/26/2020,12954294,102994,263339,1178
11/27/2020,13160133,205839,264751,1412
11/28/2020,13311541,151408,265943,1192
11/29/2020,13447663,136122,266761,818
11/30/2020,13615321,167658,268031,1270
12/1/2020,13799549,184228,270639,2608
12/2/2020,14000721,201172,273525,2886
12/3/2020,14218459,217738,276381,2856
12/4/2020,14449827,231368,279018,2637
12/5/2020,14655535,205708,281208,2190
12/6/2020,14827456,171921,282319,1111
12/7/2020,15031979,204523,283853,1534
12/8/2020,15251693,219714,286674,2821
12/9/2020,15471409,219716,289830,3156
12/10/2020,15697131,225722,292771,2941
12/11/2020,15977147,280016,295726,2955
12/12/2020,16184679,207532,297981,2255
12/13/2020,16368898,184219,299338,1357
12/14/2020,16569783,200885,301016,1678
12/15/2020,16772936,203153,304041,3025
12/16/2020,17017763,244827,307652,3611
12/17/2020,17255472,237709,310950,3298
12/18/2020,17506662,251190,313820,2870
12/19/2020,17700567,193905,316381,2561
12/20/2020,17880478,179911,317810,1429
12/21/2020,18081996,201518,319773,1963
12/22/2020,18283633,201637,323012,3239
12/23/2020,18511396,227763,326424,3412
12/24/2020,18704907,193511,329248,2824
12/25/2020,18805838,100931,330377,1129
12/26/2020,19022699,216861,332023,1646
12/27/2020,19174788,152089,333253,1230
12/28/2020,19363798,189010,335152,1899
12/29/2020,19564828,201030,338780,3628
12/30/2020,19793777,228949,342588,3808
12/31/2020,20024801,231024,346050,3462
1/1/2021,20172049,147248,347970,1920
1/2/2021,20463659,291610,350343,2373
1/3/2021,20665439,201780,351694,1351
1/4/2021,20917269,251830,353743,2049
1/5/2021,21152285,235016,357432,3689
1/6/2021,21408251,255966,361396,3964
1/7/2021,21688585,280334,365509,4113
1/8/2021,21989362,300777,369404,3895
1/9/2021,22241281,251919,372663,3259
1/10/2021,22449576,208295,374440,1777
1/11/2021,22675892,226316,376488,2048
1/12/2021,22905869,229977,380894,4406
1/13/2021,23135194,229325,384824,3930
1/14/2021,23374716,239522,388804,3980
1/15/2021,23614569,239853,392553,3749
1/16/2021,23816762,202193,395894,3341
1/17/2021,23986856,170094,397624,1730
1/18/2021,24127989,141133,399065,1441
1/19/2021,24314933,186944,401836,2771
1/20/2021,24500421,185488,406216,4380
1/21/2021,24690903,190482,410351,4135
1/22/2021,24882468,191565,414082,3731
1/23/2021,25050385,167917,417404,3322
1/24/2021,25180061,129676,419219,1815
1/25/2021,25336637,156576,421126,1907
1/26/2021,25487275,150638,425224,4098
1/27/2021,25643045,155770,429326,4102
1/28/2021,25809220,166175,433194,3868
1/29/2021,25973835,164615,436794,3600
1/30/2021,26107635,133800,439435,2641
1/31/2021,26221675,114040,441299,1864
2/1/2021,26363284,141609,443249,1950
2/2/2021,26478540,115256,446860,3611
2/3/2021,26598723,120183,450703,3843
2/4/2021,26724359,125636,455820,5117
2/5/2021,26853860,129501,459390,3570
2/6/2021,26958807,104947,462052,2662
2/7/2021,27046088,87281,463353,1301
2/8/2021,27139070,92982,464936,1583
2/9/2021,27235460,96390,468106,3170
2/10/2021,27330435,94975,471360,3254
2/11/2021,27436075,105640,475238,3878
2/12/2021,27535702,99627,480701,5463
2/13/2021,27620354,84652,484073,3372
2/14/2021,27684134,63780,485154,1081
2/15/2021,27739406,55272,486148,994
2/16/2021,27803946,64540,487855,1707
2/17/2021,27874107,70161,490326,2471
2/18/2021,27945898,71791,492951,2625
2/19/2021,28023910,78012,495572,2621
2/20/2021,28093630,69720,497403,1831
2/21/2021,28148810,55180,498650,1247
2/22/2021,28208276,59466,500104,1454
2/23/2021,28280189,71913,502432,2328
2/24/2021,28354383,74194,505642,3210
2/25/2021,28432265,77882,508107,2465
2/26/2021,28510582,78317,510283,2176
2/27/2021,28573256,62674,511850,1567
2/28/2021,28624161,50905,512979,1129
3/1/2021,28680857,56696,514404,1425
3/2/2021,28738501,57644,515710,1306
3/3/2021,28805113,66612,518079,2369
3/4/2021,28872395,67282,520028,1949
3/5/2021,28938090,65695,522511,2483
3/6/2021,28994675,56585,523970,1459
3/7/2021,29034739,40064,524646,676
3/8/2021,29129252,94513,525466,820
3/9/2021,29185151,55899,527351,1885
3/10/2021,29243346,58195,528825,1474
3/11/2021,29305733,62387,530349,1524
3/12/2021,29369899,64166,532054,1705
3/13/2021,29419456,49557,533928,1874
3/14/2021,29457445,37989,534497,569
3/15/2021,29514609,57164,535250,753
3/16/2021,29569140,54531,536494,1244
3/17/2021,29628071,58931,537671,1177
3/18/2021,29688541,60470,539229,1558
3/19/2021,29749164,60623,540743,1514
3/20/2021,29803589,54425,541515,772
3/21/2021,29837782,34193,541963,448
3/22/2021,29892498,54716,542611,648
3/23/2021,29949244,56746,543504,893
3/24/2021,30029147,79903,545094,1590
3/25/2021,30098263,69116,546364,1270
3/26/2021,30172762,74499,547624,1260
3/27/2021,30233462,60700,548404,780
3/28/2021,30277977,44515,548894,490
3/29/2021,30348716,70739,549579,685
3/30/2021,30410950,62234,550526,947
3/31/2021,30478886,67936,551661,1135
4/1/2021,30556079,77193,552618,957
4/2/2021,30624668,68589,553574,956
4/3/2021,30688804,64136,554327,753
4/4/2021,30725627,36823,554599,272
4/5/2021,30802221,76594,555129,530
4/6/2021,30864193,61972,556038,909
4/7/2021,30937283,73090,558609,2571
4/8/2021,31017741,80458,559611,1002
4/9/2021,31099323,81582,560557,946
4/10/2021,31164081,64758,561261,704
4/11/2021,31212058,47977,561562,301
4/12/2021,31283990,71932,562027,465
4/13/2021,31361311,77321,563010,983
4/14/2021,31437061,75750,563945,935
4/15/2021,31510755,73694,564862,917
4/16/2021,31589109,78354,565797,935
4/17/2021,31642983,53874,566474,677
4/18/2021,31684382,41399,566832,358
4/19/2021,31754642,70260,567317,485
4/20/2021,31815666,61024,568149,832
4/21/2021,31878161,62495,568989,840
4/22/2021,31944402,66241,569900,911
4/23/2021,32008186,63784,570773,873
4/24/2021,32058654,50468,571498,725
4/25/2021,32092245,33591,571780,282
4/26/2021,32139580,47335,572259,479
4/27/2021,32191457,51877,572972,713
4/28/2021,32246275,54818,573906,934
4/29/2021,32303857,57582,574780,874
4/30/2021,32362374,58517,575640,860
5/1/2021,32407133,44759,576355,715
5/2/2021,32436765,29632,576667,312
5/3/2021,32486709,49944,577126,459
5/4/2021,32527664,40955,578030,904
5/5/2021,32572383,44719,578806,776
5/6/2021,32620077,47694,579638,832
5/7/2021,32667570,47493,580450,812
5/8/2021,32701236,33666,581054,604
5/9/2021,32723564,22328,581300,246
5/10/2021,32760121,36557,581670,370
5/11/2021,32794162,34041,582363,693
5/12/2021,32829645,35483,583211,848
5/13/2021,32868084,38439,583991,780
5/14/2021,32909065,40981,584723,732
5/15/2021,32938115,29050,585282,559
5/16/2021,32954825,16710,585574,292
5/17/2021,32984032,29207,585958,384
5/18/2021,33011895,27863,586825,867
5/19/2021,33040689,28794,587500,675
5/20/2021,33070307,29618,588154,654
5/21/2021,33107107,36800,588850,696
5/22/2021,33117634,10527,589329,479
5/23/2021,33131784,14150,589518,189
5/24/2021,33157412,25628,589935,417
5/25/2021,33180250,22838,590635,700
5/26/2021,33203636,23386,591601,966
5/27/2021,33231383,27747,592942,1341
5/28/2021,33253407,22024,593701,759
5/29/2021,33264967,11560,594040,339
5/30/2021,33272409,7442,594171,131
5/31/2021,33277912,5503,594321,150
6/1/2021,33300482,22570,594841,520
6/2/2021,33317340,16858,595435,594
6/3/2021,33336811,19471,596051,616
6/4/2021,33312812,-23999,596190,139
6/5/2021,33323260,10448,596565,375
6/6/2021,33329413,6153,596817,252
6/7/2021,33348865,19452,597153,336
6/8/2021,33363050,14185,597528,375
6/9/2021,33383714,20664,598100,572
6/10/2021,33399513,15799,598560,460
6/11/2021,33416340,16827,599077,517
6/12/2021,33424619,8279,599247,170
6/13/2021,33431406,6787,599342,95
6/14/2021,33446525,15119,599552,210
6/15/2021,33458397,11872,600004,452
6/16/2021,33472808,14411,600428,424
6/17/2021,33484995,12187,600716,288
6/18/2021,33497695,12700,601185,469
6/19/2021,33505275,7580,601354,169
6/20/2021,33509338,4063,601444,90
6/21/2021,33525182,15844,601732,288
6/22/2021,33537943,12761,602164,432
6/23/2021,33551974,14031,602562,398
6/24/2021,33566669,14695,602917,355
6/25/2021,33581632,14963,603375,458
6/26/2021,33588423,6791,603501,126
6/27/2021,33592510,4087,603597,96
6/28/2021,33608058,15548,603758,161
6/29/2021,33623787,15729,604137,379
6/30/2021,33639764,15977,604460,323
7/1/2021,33704723,64959,604707,247
7/2/2021,33725159,20436,604973,266
7/3/2021,33729152,3993,605059,86
7/4/2021,33732074,2922,605096,37
7/5/2021,33736665,4591,605137,41
7/6/2021,33763742,27077,605454,317
7/7/2021,33793961,30219,605776,322
7/8/2021,33843194,49233,606142,366
7/9/2021,33878529,35335,606549,407
7/10/2021,33886287,7758,606637,88
7/11/2021,33891830,5543,606667,30
7/12/2021,33927213,35383,606940,273
7/13/2021,33970195,42982,607372,432
7/14/2021,34008250,38055,607765,393
7/15/2021,34044268,36018,608103,338
7/16/2021,34096492,52224,608460,357
7/17/2021,34108937,12445,608543,83
7/18/2021,34117964,9027,608580,37
7/19/2021,34177146,59182,608811,231
7/20/2021,34239257,62111,609111,300
7/21/2021,34299310,60053,609508,397
7/22/2021,34364829,65519,609870,362
7/23/2021,34447610,82781,610313,443
7/24/2021,34469200,21590,610414,101
7/25/2021,34483033,13833,610463,49
7/26/2021,34576119,93086,610722,259
7/27/2021,34682937,106818,611206,484
7/28/2021,34767898,84961,611711,505
7/29/2021,34866192,98294,612104,393
7/30/2021,34988866,122674,612775,671
7/31/2021,35018564,29698,612919,144
8/1/2021,35041458,22894,612982,63
8/2/2021,35177628,136170,613440,458
8/3/2021,35327939,150311,614109,669
8/4/2021,35440283,112344,614834,725
8/5/2021,35567255,126972,615408,574
8/6/2021,35735606,168351,616257,849
8/7/2021,35777721,42115,616463,206
8/8/2021,35813789,36068,616594,131
8/9/2021,35992480,178691,617314,720
8/10/2021,36154571,162091,618363,1049
8/11/2021,36310148,155577,618701,338
8/12/2021,36448857,138709,619723,1022
8/13/2021,36636249,187392,620809,1086
8/14/2021,36686066,49817,621051,242
8/15/2021,36729884,43818,621228,177
8/16/2021,36989377,259493,622244,1016
8/17/2021,37133674,144297,623237,993
8/18/2021,37298543,164869,624365,1128
8/19/2021,37458349,159806,626099,1734
8/20/2021,37657643,199294,627631,1532
8/21/2021,37737034,79391,628100,469
8/22/2021,37777607,40573,628285,185
8/23/2021,38043754,266147,629644,1359
8/24/2021,38193951,150197,631057,1413
8/25/2021,38364887,170936,632522,1465
8/26/2021,38552648,187761,634735,2213
8/27/2021,38748559,195911,636509,1774
8/28/2021,38833818,85259,637076,567
8/29/2021,38875976,42158,637356,280
8/30/2021,39156379,280403,639081,1725
8/31/2021,39316629,160250,640519,1438
9/1/2021,39527624,210995,642454,1935
9/2/2021,39703320,175696,645391,2937
9/3/2021,39894795,191475,647370,1979
9/4/2021,39960849,66054,647896,526
9/5/2021,40005266,44417,648273,377
9/6/2021,40082242,76976,648788,515
9/7/2021,40383380,301138,651014,2226
9/8/2021,40567569,184189,653216,2202
9/9/2021,40738140,170571,656448,3232
9/10/2021,40914456,176316,658865,2417
9/11/2021,40988382,73926,659556,691
9/12/2021,41027940,39558,659854,298
9/13/2021,41312998,285058,661579,1725
9/14/2021,41465694,152696,664235,2656
9/15/2021,41635889,170195,666816,2581
9/16/2021,41790772,154883,670234,3418
9/17/2021,41957710,166938,672813,2579
9/18/2021,42025890,68180,673637,824
9/19/2021,42065846,39956,673939,302
9/20/2021,42274012,208166,676191,2252
9/21/2021,42403987,129975,678556,2365
9/22/2021,42551480,147493,681343,2787
9/23/2021,42679344,127864,684498,3155
9/24/2021,42819355,140011,687247,2749
9/25/2021,42870947,51592,687876,629
9/26/2021,42905182,34235,688178,302
9/27/2021,43099971,194789,690559,2381
9/28/2021,43213311,113340,692878,2319
9/29/2021,43341823,128512,695393,2515
9/30/2021,43458032,116209,698136,2743
10/1/2021,43583808,125776,700583,2447
10/2/2021,43628030,44222,701231,648
10/3/2021,43653869,25839,701480,249
10/4/2021,43826568,172699,703515,2035
10/5/2021,43925170,98602,705543,2028
10/6/2021,44051125,125955,708073,2530
10/7/2021,44156527,105402,710522,2449
10/8/2021,44269453,112926,712967,2445
10/9/2021,44306787,37334,713480,513
10/10/2021,44329826,23039,713961,481
10/11/2021,44453506,123680,715123,1162
10/12/2021,44565082,111576,717648,2525
10/13/2021,44671639,106557,719887,2239
10/14/2021,44760608,88969,721929,2042
10/15/2021,44859168,98560,724104,2175
10/16/2021,44892709,33541,724491,387
10/17/2021,44914861,22152,724673,182
10/18/2021,45036894,122033,726545,1872
10/19/2021,45120577,83683,728682,2137
10/20/2021,45207199,86622,731688,3006
10/21/2021,45289145,81946,733564,1876
10/22/2021,45376442,87297,735699,2135
10/23/2021,45406266,29824,736148,449
10/24/2021,45423368,17102,736296,148
10/25/2021,45528929,105561,737709,1413
10/26/2021,45616352,87423,739445,1736
10/27/2021,45710896,94544,741460,2015
10/28/2021,45797081,86185,743242,1782
10/29/2021,45885804,88723,745262,2020
10/30/2021,45915215,29411,745586,324
10/31/2021,45934098,18883,745743,157
11/1/2021,46058668,124570,746894,1151
11/2/2021,46135611,76943,748410,1516
11/3/2021,46220455,84844,750290,1880
11/4/2021,46303542,83087,751413,1123
11/5/2021,46395310,91768,753734,2321
11/6/2021,46427249,31939,754136,402
11/7/2021,46449334,22085,754268,132
11/8/2021,46575795,126461,755489,1221
11/9/2021,46659446,83651,757205,1716
11/10/2021,46757836,98390,758841,1636
11/11/2021,46822437,64601,759563,722
11/12/2021,46951788,129351,761624,2061
11/13/2021,47013185,61397,762092,468
11/14/2021,47036794,23609,762234,142
11/15/2021,47185418,148624,763425,1191
11/16/2021,47275904,90486,764871,1446
11/17/2021,47390261,114357,766489,1618
11/18/2021,47500534,110273,769820,3331
11/19/2021,47620182,119648,771811,1991
11/20/2021,47661246,41064,772136,325
11/21/2021,47692618,31372,772259,123
11/22/2021,47851516,158898,773402,1143
11/23/2021,47944287,92771,774880,1478
11/24/2021,48064179,119892,776516,1636
11/25/2021,48095032,30853,776893,377
11/26/2021,48146557,51525,777437,544
11/27/2021,48171236,24679,777629,192
11/28/2021,48195186,23950,777750,121
11/29/2021,48411498,216312,779624,1874
11/30/2021,48520792,109294,781183,1559
12/1/2021,48660112,139320,783149,1966
12/2/2021,48798824,138712,784506,1357
12/3/2021,48952069,153245,786667,2161
12/4/2021,49010213,58144,787157,490
12/5/2021,49044786,34573,787318,161
12/6/2021,49242230,197444,788660,1342
12/7/2021,49356227,113997,790434,1774
12/8/2021,49505272,149045,792313,1879
12/9/2021,49628777,123505,793608,1295
12/10/2021,49793839,165062,795711,2103
12/11/2021,49845184,51345,796127,416
12/12/2021,49881540,36356,796322,195
12/13/2021,50084423,202883,797611,1289
12/14/2021,50201282,116859,799345,1734
12/15/2021,50346558,145276,801438,2093
12/16/2021,50492877,146319,802601,1163
12/17/2021,50664022,171145,804697,2096
12/18/2021,50738685,74663,805171,474
12/19/2021,50811164,72479,805334,163
12/20/2021,51114064,302900,806753,1419
12/21/2021,51303535,189471,808841,2088
12/22/2021,51547227,243692,810927,2086
12/23/2021,51812442,265215,814211,3284
12/24/2021,51996367,183925,815213,1002
12/25/2021,52054715,58348,815312,99
12/26/2021,52244429,189714,815391,79
12/27/2021,52787969,543540,817134,1743
12/28/2021,53168681,380712,819630,2496
12/29/2021,53657745,489064,821731,2101
12/30/2021,54242800,585055,823141,1410
12/31/2021,54689367,446567,824336,1195
1/1/2022,54850427,161060,824609,273
1/2/2022,55137064,286637,824841,232
1/3/2022,56155999,1018935,826491,1650
1/4/2022,57041905,885906,828853,2362
1/5/2022,57745969,704064,830981,2128
1/6/2022,58505187,759218,832953,1972
1/7/2022,59405357,900170,835637,2684
1/8/2022,59851597,446240,836327,690
1/9/2022,60166932,315335,836728,401
1/10/2022,61600909,1433977,838412,1684
1/11/2022,62370837,769928,841092,2680
1/12/2022,63251819,880982,843853,2761
1/13/2022,64120526,868707,846110,2257
1/14/2022,65053852,933326,849101,2991
1/15/2022,65477079,423227,850099,998
1/16/2022,65814886,337807,850509,410
1/17/2022,66526937,712051,851283,774
1/18/2022,67705340,1178403,854268,2985
1/19/2022,68557295,851955,857644,3376
1/20/2022,69305615,748320,860316,2672
1/21/2022,70130930,825315,864182,3866
1/22/2022,70468314,337384,865116,934
1/23/2022,70667795,199481,865687,571
1/24/2022,71699954,1032159,867866,2179
1/25/2022,72210867,510913,870838,2972
1/26/2022,72895313,684446,874733,3895
1/27/2022,73425577,530264,877824,3091
1/28/2022,73981352,555775,881703,3879
1/29/2022,74223465,242113,883009,1306
1/30/2022,74327523,104058,883370,361
1/31/2022,74989495,661972,885943,2573
2/1/2022,75285900,296405,889525,3582
2/2/2022,75610929,325029,893156,3631
2/3/2022,75923171,312242,896178,3022
2/4/2022,76236151,312980,900154,3976
2/5/2022,76359918,123767,901022,868
2/6/2022,76418395,58477,901400,378
2/7/2022,76766514,348119,904139,2739
2/8/2022,76961010,194496,907497,3358
2/9/2022,77187359,226349,911067,3570
2/10/2022,77360952,173593,914328,3261
2/11/2022,77530775,169823,917135,2807
2/12/2022,77594737,63962,917896,761
2/13/2022,77629125,34388,918368,472
2/14/2022,77835449,206324,920954,2586
2/15/2022,77950961,115512,923804,2850
2/16/2022,78092141,141180,927110,3306
2/17/2022,78196006,103865,930297,3187
2/18/2022,78305615,109609,932788,2491
2/19/2022,78351826,46211,933480,692
2/20/2022,78377993,26167,933894,414
2/21/2022,78433652,55659,934654,760
2/22/2022,78556769,123117,937380,2726
2/23/2022,78641313,84544,940404,3024
2/24/2022,78714719,73406,943312,2908
2/25/2022,78800705,85986,946121,2809
2/26/2022,78825927,25222,946686,565
2/27/2022,78835013,9086,946883,197
2/28/2022,78942813,107800,948855,1972
3/1/2022,78986396,43583,950788,1933
3/2/2022,79044542,58146,953136,2348
3/3/2022,79096279,51737,955018,1882
3/4/2022,79145866,49587,956910,1892
3/5/2022,79162481,16615,957217,307
3/6/2022,79169256,6775,957429,212
3/7/2022,79232308,63052,959115,1686
3/8/2022,79266324,34016,960690,1575
3/9/2022,79314028,47704,962503,1813
3/10/2022,79352221,38193,964062,1559
3/11/2022,79396596,44375,965746,1684
3/12/2022,79407518,10922,966218,472
3/13/2022,79413908,6390,966361,143
3/14/2022,79462956,49048,963926,-2435
3/15/2022,79511352,48396,965449,1523
3/16/2022,79550748,39396,967482,2033
3/17/2022,79586734,35986,968690,1208
3/18/2022,79623203,36469,969733,1043
3/19/2022,79635322,12119,970065,332
3/20/2022,79643175,7853,970148,83
3/21/2022,79689310,46135,971107,959
3/22/2022,79714979,25669,972104,997
3/23/2022,79762066,47087,973459,1355
3/24/2022,79799812,37746,974441,982
3/25/2022,79833549,33737,975273,832
3/26/2022,79845604,12055,975436,163
3/27/2022,79853102,7498,975486,50
3/28/2022,79895338,42236,976396,910
3/29/2022,79920966,25628,977153,757
3/30/2022,79966408,45442,978361,1208
3/31/2022,80004185,37777,979236,875
4/1/2022,80036620,32435,979881,645
4/2/2022,80048015,11395,980018,137
4/3/2022,80052942,4927,980057,39
4/4/2022,80093982,41040,980682,625
4/5/2022,80124875,30893,981146,464
4/6/2022,80174198,49323,982263,1117
4/7/2022,80209904,35706,982971,708
4/8/2022,80254009,44105,983514,543
4/9/2022,80267530,13521,983786,272
4/10/2022,80275715,8185,983813,27
4/11/2022,80325700,49985,984247,434
4/12/2022,80354734,29034,984838,591
4/13/2022,80408643,53909,985832,994
4/14/2022,80466106,57463,986448,616
4/15/2022,80513724,47618,987171,723
4/16/2022,80524627,10903,987211,40
4/17/2022,80535906,11279,987228,17
4/18/2022,80595982,60076,987545,317
4/19/2022,80646004,50022,987999,454
4/20/2022,80708901,62897,988610,611
4/21/2022,80768167,59266,989094,484
4/22/2022,80836264,68097,989584,490
4/23/2022,80855181,18917,989681,97
4/24/2022,80867572,12391,989709,28
4/25/2022,80942184,74612,990062,353
4/26/2022,80996837,54653,990368,306
4/27/2022,81081307,84470,991039,671
4/28/2022,81154876,73569,991502,463
4/29/2022,81236707,81831,991921,419
4/30/2022,81259033,22326,992010,89
5/1/2022,81274401,15368,992033,23
5/2/2022,81370245,95844,992424,391
5/3/2022,81439579,69334,993088,664
5/4/2022,81541535,101956,995021,1933
5/5/2022,81634962,93427,995715,694
5/6/2022,81730174,95212,996168,453
5/7/2022,81760532,30358,996264,96
5/8/2022,81772325,11793,996283,19
5/9/2022,81884978,112653,996612,329
5/10/2022,81978601,93623,996916,304
5/11/2022,82140136,161535,997481,565
5/12/2022,82255493,115357,997853,372
5/13/2022,82369958,114465,998279,426
5/14/2022,82395023,25065,998325,46
5/15/2022,82414462,19439,998352,27
5/16/2022,82564280,149818,998673,321
5/17/2022,82698373,134093,999027,354
5/18/2022,82867288,168915,999607,580
5/19/2022,82988450,121162,1000013,406
5/20/2022,83128466,140016,1000411,398
5/21/2022,83165773,37307,1000526,115
5/22/2022,83187760,21987,1000577,51
5/23/2022,83320644,132884,1000826,249
5/24/2022,83453009,132365,1001375,549
5/25/2022,83640103,187094,1002179,804
5/26/2022,83764744,124641,1002522,343
5/27/2022,83903655,138911,1003124,602
5/28/2022,83917417,13762,1003159,35
5/29/2022,83926462,9045,1003167,8
5/30/2022,83958614,32152,1003189,22
5/31/2022,84140997,182383,1003571,382
6/1/2022,84360023,219026,1004163,592
6/2/2022,84471393,111370,1004534,371
6/3/2022,84613605,142212,1004941,407
6/4/2022,84657255,43650,1005134,193
6/5/2022,84673734,16479,1005152,18
6/6/2022,84810837,137103,1005473,321
6/7/2022,84953650,142813,1005943,470
6/8/2022,85132456,178806,1006988,1045
6/9/2022,85250167,117711,1007331,343
6/10/2022,85386208,136041,1007702,371
6/11/2022,85421581,35373,1007826,124
6/12/2022,85439974,18393,1007845,19
6/13/2022,85565377,125403,1008116,271
6/14/2022,85700792,135415,1008554,438
6/15/2022,85872596,171804,1009208,654
6/16/2022,85976793,104197,1009543,335
6/17/2022,86093350,116557,1009847,304
6/18/2022,86108115,14765,1009871,24
6/19/2022,86122722,14607,1009893,22
6/20/2022,86176918,54196,1009982,89
6/21/2022,86386656,209738,1010552,570
6/22/2022,86557097,170441,1011326,774
6/23/2022,86673590,116493,1011825,499
6/24/2022,86829149,155559,1012317,492
6/25/2022,86876818,47669,1012480,163
6/26/2022,86895056,18238,1012486,6
6/27/2022,87027295,132239,1012765,279
6/28/2022,87149583,122288,1013306,541
6/29/2022,87345359,195776,1013999,693
6/30/2022,87469077,123718,1014452,453
7/1/2022,87621338,152261,1014974,522
7/2/2022,87633658,12320,1014995,21
7/3/2022,87640519,6861,1014998,3
7/4/2022,87676181,35662,1015062,64
7/5/2022,87857067,180886,1015488,426
7/6/2022,88097358,240291,1016205,717
7/7/2022,88221970,124612,1016680,475
7/8/2022,88390029,168059,1017242,562
7/9/2022,88413615,23586,1017278,36
7/10/2022,88436184,22569,1017286,8
7/11/2022,88611513,175329,1017837,551
7/12/2022,88795782,184269,1018359,522
7/13/2022,88986908,191126,1019239,880
7/14/2022,89131091,144183,1019697,458
7/15/2022,89300973,169882,1020230,533
7/16/2022,89322015,21042,1020272,42
7/17/2022,89343986,21971,1020283,11
7/18/2022,89514434,170448,1020803,520
7/19/2022,89675305,160871,1021350,547
7/20/2022,89879921,204616,1022142,792
7/21/2022,90033432,153511,1022693,551
7/22/2022,90199121,165689,1023273,580
7/23/2022,90223372,24251,1023329,56
7/24/2022,90244872,21500,1023343,14
7/25/2022,90412575,167703,1023855,512
7/26/2022,90576810,164235,1024374,519
7/27/2022,90803295,226485,1025198,824
7/28/2022,90952402,149107,1025682,484
7/29/2022,91091698,139296,1026300,618
7/30/2022,91103665,11967,1026322,22
7/31/2022,91114530,10865,1026331,9
8/1/2022,91291256,176726,1026937,606
8/2/2022,91399466,108210,1027382,445
8/3/2022,91616745,217279,1028439,1057
8/4/2022,91781476,164731,1029112,673
8/5/2022,91913390,131914,1029769,657
8/6/2022,91924176,10786,1029797,28
8/7/2022,91934257,10081,1029808,11
8/8/2022,92079701,145444,1030371,563
8/9/2022,92208348,128647,1030933,562
8/10/2022,92383180,174832,1031805,872
8/11/2022,92520198,137018,1032506,701
8/12/2022,92641966,121768,1033177,671
8/13/2022,92648820,6854,1033195,18
8/14/2022,92659524,10704,1033207,12
8/15/2022,92788886,129362,1033762,555
8/16/2022,92909503,120617,1034234,472
8/17/2022,93069322,159819,1035194,960
8/18/2022,93195688,126366,1035802,608
8/19/2022,93304179,108491,1036333,531
8/20/2022,93312106,7927,1036360,27
8/21/2022,93320628,8522,1036368,8
8/22/2022,93441270,120642,1036961,593
8/23/2022,93546473,105203,1037466,505
8/24/2022,93720590,174117,1038392,926
8/25/2022,93831767,111177,1039036,644
8/26/2022,93934199,102432,1039673,637
8/27/2022,93943022,8823,1039703,30
8/28/2022,93951561,8539,1039706,3
8/29/2022,94063866,112305,1040297,591
8/30/2022,94180902,117036,1040764,467
8/31/2022,94335008,154106,1042167,1403
9/1/2022,94443668,108660,1042880,713
9/2/2022,94532021,88353,1043382,502
9/3/2022,94539458,7437,1043401,19
9/4/2022,94545281,5823,1043402,1
9/5/2022,94563745,18464,1043455,53
9/6/2022,94689639,125894,1044083,628
9/7/2022,94833490,143851,1044912,829
9/8/2022,94921915,88425,1045586,674
9/9/2022,94995800,73885,1046119,533
9/10/2022,94999027,3227,1046145,26
9/11/2022,95010491,11464,1046164,19
9/12/2022,95098004,87513,1046733,569
9/13/2022,95159646,61642,1047221,488
9/14/2022,95275075,115429,1048141,920
9/15/2022,95369503,94428,1048765,624
9/16/2022,95428258,58755,1049213,448
9/17/2022,95434981,6723,1049235,22
9/18/2022,95440240,5259,1049243,8
9/19/2022,95507606,67366,1049750,507
9/20/2022,95559194,51588,1050158,408
9/21/2022,95666528,107334,1051083,925
9/22/2022,95760230,93702,1051601,518
9/23/2022,95804726,44496,1052056,455
9/24/2022,95812817,8091,1052093,37
9/25/2022,95819136,6319,1052099,6
9/26/2022,95877656,58520,1052503,404
9/27/2022,95919539,41883,1052948,445
9/28/2022,96019867,100328,1054260,1312
9/29/2022,96104859,84992,1054893,633
9/30/2022,96144226,39367,1055290,397
10/1/2022,96150643,6417,1055316,26
10/2/2022,96156591,5948,1055316,0
10/3/2022,96204427,47836,1055596,280
10/4/2022,96240281,35854,1056073,477
10/5/2022,96320795,80514,1057185,1112
10/6/2022,96394630,73835,1057889,704
10/7/2022,96429284,34654,1058206,317
10/8/2022,96422344,-6940,1058156,-50
10/9/2022,96428398,6054,1058159,3
10/10/2022,96452692,24294,1058322,163
10/11/2022,96493867,41175,1058919,597
10/12/2022,96567547,73680,1059706,787
10/13/2022,96643191,75644,1060345,639
10/14/2022,96672841,29650,1060730,385
10/15/2022,96675617,2776,1060748,18
10/16/2022,96682663,7046,1060760,12
10/17/2022,96729811,47148,1061118,358
10/18/2022,96757935,28124,1061498,380
10/19/2022,96826394,68459,1062203,705
10/20/2022,96887495,61101,1062741,538
10/21/2022,96921457,33962,1063369,628
10/22/2022,96924033,2576,1063379,10
10/23/2022,96931008,6975,1063380,1
10/24/2022,96970800,39792,1063613,233
10/25/2022,96996456,25656,1063993,380
10/26/2022,97077271,80815,1065118,1125
10/27/2022,97146134,68863,1065706,588
10/28/2022,97179235,33101,1065942,236
10/29/2022,97182927,3692,1065964,22
10/30/2022,97186606,3679,1065966,2
10/31/2022,97233018,46412,1066150,184
11/1/2022,97262328,29310,1066491,341
11/2/2022,97338475,76147,1067366,875
11/3/2022,97416551,78076,1067922,556
11/4/2022,97465910,49359,1068411,489
11/5/2022,97469639,3729,1068432,21
11/6/2022,97476278,6639,1068437,5
11/7/2022,97515570,39292,1068574,137
11/8/2022,97536711,21141,1068787,213
11/9/2022,97630397,93686,1069707,920
11/10/2022,97718317,87920,1070288,581
11/11/2022,97729641,11324,1083006,12718
11/12/2022,97732216,2575,1083008,2
11/13/2022,97734170,1954,1083009,1
11/14/2022,97785091,50921,1083181,172
11/15/2022,97818155,33064,1083484,303
11/16/2022,97896481,78326,1083989,505
11/17/2022,97979502,83021,1084415,426
11/18/2022,98030190,50688,1084931,516
11/19/2022,98033687,3497,1084942,11
11/20/2022,98036926,3239,1084942,0
11/21/2022,98080590,43664,1085106,164
11/22/2022,98117917,37327,1085553,447
11/23/2022,98228602,110685,1086524,971
11/24/2022,98264632,36030,1086674,150
11/25/2022,98290350,25718,1086893,219
11/26/2022,98291540,1190,1086894,1
11/27/2022,98298369,6829,1086908,14
11/28/2022,98356317,57948,1087098,190
11/29/2022,98404190,47873,1087415,317
11/30/2022,98516131,111941,1087873,458
12/1/2022,98613271,97140,1088564,691
12/2/2022,98686737,73466,1088978,414
12/3/2022,98691598,4861,1088997,19
12/4/2022,98696204,4606,1088997,0
12/5/2022,98750243,54039,1089181,184
12/6/2022,98798681,48438,1089662,481
12/7/2022,98949011,150330,1090599,937
12/8/2022,99089404,140393,1092099,1500
12/9/2022,99122963,33559,1092393,294
12/10/2022,99128018,5055,1092410,17
12/11/2022,99133303,5285,1092410,0
12/12/2022,99187602,54299,1092595,185
12/13/2022,99245874,58272,1093064,469
12/14/2022,99400962,155088,1093869,805
12/15/2022,99527716,126754,1094509,640
12/16/2022,99601910,74194,1095062,553
12/17/2022,99606838,4928,1095074,12
12/18/2022,99612758,5920,1095074,0
12/19/2022,99669991,57233,1095297,223
12/20/2022,99726822,56831,1095749,452
12/21/2022,99907293,180471,1096760,1011
12/22/2022,100055824,148531,1097361,601
12/23/2022,100087194,31370,1097537,176
12/24/2022,100092117,4923,1097539,2
12/25/2022,100095566,3449,1097539,0
12/26/2022,100104798,9232,1097550,11
12/27/2022,100190406,85608,1097812,262
12/28/2022,100313378,122972,1098651,839
12/29/2022,100423471,110093,1099302,651
12/30/2022,100456662,33191,1099824,522
12/31/2022,100462184,5522,1099837,13
1/1/2023,100447989,-14195,1099837,0
1/2/2023,100458882,10893,1099837,0
1/3/2023,100535564,76682,1100152,315
1/4/2023,100743731,208167,1102278,2126
1/5/2023,100859561,115830,1102956,678
1/6/2023,100969155,109594,1103517,561
1/7/2023,100972762,3607,1103530,13
1/8/2023,100978862,6100,1103533,3
1/9/2023,101023334,44472,1103732,199
1/10/2023,101067331,43997,1104459,727
1/11/2023,101225546,158215,1105982,1523
1/12/2023,101322776,97230,1106738,756
1/13/2023,101353503,30727,1107013,275
1/14/2023,101357407,3904,1107039,26
1/15/2023,101361142,3735,1107040,1
1/16/2023,101369550,8408,1107051,11
1/17/2023,101428192,58642,1107788,737
1/18/2023,101573353,145161,1109270,1482
1/19/2023,101641282,67929,1110084,814
1/20/2023,101724115,82833,1111004,920
1/21/2023,101726588,2473,1111011,7
1/22/2023,101731541,4953,1111020,9
1/23/2023,101763953,32412,1111290,270
1/24/2023,101795726,31773,1111991,701
1/25/2023,101909009,113283,1113234,1243
1/26/2023,101987861,78852,1114038,804
1/27/2023,102002032,14171,1114217,179
1/28/2023,102004232,2200,1114224,7
1/29/2023,102008656,4424,1114228,4
1/30/2023,102039105,30449,1114413,185
1/31/2023,102070172,31067,1115001,588
2/1/2023,102179838,109666,1115974,973
2/2/2023,102247441,67603,1116666,692
2/3/2023,102311816,64375,1117828,1162
2/4/2023,102314712,2896,1117837,9
2/5/2023,102317430,2718,1117837,0
2/6/2023,102342210,24780,1118038,201
2/7/2023,102374102,31892,1118715,677
2/8/2023,102486294,112192,1119717,1002
2/9/2023,102555293,68999,1120505,788
2/10/2023,102569435,14142,1120667,162
2/11/2023,102571337,1902,1120678,11
2/12/2023,102574464,3127,1120691,13
2/13/2023,102598932,24468,1120904,213
2/14/2023,102626458,27526,1121294,390
2/15/2023,102729372,102914,1122197,903
2/16/2023,102799884,70512,1122844,647
2/17/2023,102845975,46091,1123572,728
2/18/2023,102850046,4071,1123580,8
2/19/2023,102852853,2807,1123588,8
2/20/2023,102861300,8447,1123643,55
2/21/2023,102890417,29117,1123951,308
2/22/2023,103017916,127499,1124805,854
2/23/2023,103082394,64478,1125325,520
2/24/2023,103093565,11171,1125407,82
2/25/2023,103095092,1527,1125420,13
2/26/2023,103097410,2318,1125421,1
2/27/2023,103115557,18147,1125449,28
2/28/2023,103143908,28351,1127272,1823
3/1/2023,103233169,89261,1128090,818
3/2/2023,103295280,62111,1128722,632
3/3/2023,103364789,69509,1129424,702
3/4/2023,103366460,1671,1129434,10
3/5/2023,103368027,1567,1129434,0
3/6/2023,103382801,14774,1129530,96
3/7/2023,103406609,23808,1129852,322
3/8/2023,103469981,63372,1130471,619
3/9/2023,103525528,55547,1131912,1441
3/10/2023,103535689,10161,1131963,51
3/11/2023,103537178,1489,1131969,6
3/12/2023,103538183,1005,1131968,-1
3/13/2023,103551298,13115,1132071,103
3/14/2023,103571472,20174,1132310,239
3/15/2023,103709101,137629,1133022,712
3/16/2023,103763561,54460,1133461,439
3/17/2023,103782317,18756,1133824,363
3/18/2023,103783492,1175,1133826,2
3/19/2023,103784916,1424,1133826,0
3/20/2023,103794703,9787,1133964,138
3/21/2023,103813076,18373,1134177,213
3/22/2023,103864888,51812,1134913,736
3/23/2023,103910034,45146,1135343,430
